{
  "project_info": {
    "project_number": "742369585605",
    "firebase_url": "https://koinapp-9aac1.firebaseio.com",
    "project_id": "koinapp-9aac1",
    "storage_bucket": "koinapp-9aac1.appspot.com"
  },
  "client": [
    {
      "client_info": {
        "mobilesdk_app_id": "1:742369585605:android:be8aa7e6d0c4e232ab83ac",
        "android_client_info": {
          "package_name": "com.example.koinapp"
        }
      },
      "oauth_client": [
        {
          "client_id": "742369585605-07l63dlrnf05is3ud1gp7c2mpvvngk6l.apps.googleusercontent.com",
          "client_type": 3
        }
      ],
      "api_key": [
        {
          "current_key": "AIzaSyA4qwoLpfD_EJ5-u81VTXbvpo3gifLbhHI"
        }
      ],
      "services": {
        "appinvite_service": {
          "other_platform_oauth_client": [
            {
              "client_id": "742369585605-07l63dlrnf05is3ud1gp7c2mpvvngk6l.apps.googleusercontent.com",
              "client_type": 3
            }
          ]
        }
      }
    }
  ],
  "configuration_version": "1"
}