{
  "data": [
    {
      "id": 1,
      "name": "Bitcoin",
      "symbol": "BTC",
      "slug": "bitcoin",
      "num_market_pairs": 8169,
      "date_added": "2013-04-28T00:00:00.000Z",
      "tags": [
        "mineable"
      ],
      "max_supply": 21000000,
      "circulating_supply": 18374250,
      "total_supply": 18374250,
      "platform": null,
      "cmc_rank": 1,
      "last_updated": "2020-05-11T09:40:33.000Z",
      "quote": {
        "USD": {
          "price": 8563.65685268,
          "volume_24h": 45354447301.0458,
          "percent_change_1h": -0.811952,
          "percent_change_24h": -2.97515,
          "percent_change_7d": -1.95623,
          "market_cap": 157350771925.3555,
          "last_updated": "2020-05-11T09:40:33.000Z"
        }
      }
    },
    {
      "id": 1027,
      "name": "Ethereum",
      "symbol": "ETH",
      "slug": "ethereum",
      "num_market_pairs": 5166,
      "date_added": "2015-08-07T00:00:00.000Z",
      "tags": [
        "mineable"
      ],
      "max_supply": null,
      "circulating_supply": 110880900.8115,
      "total_supply": 110880900.8115,
      "platform": null,
      "cmc_rank": 2,
      "last_updated": "2020-05-11T09:40:21.000Z",
      "quote": {
        "USD": {
          "price": 185.822874974,
          "volume_24h": 18770865285.0747,
          "percent_change_1h": -0.447104,
          "percent_change_24h": -2.89812,
          "percent_change_7d": -8.36152,
          "market_cap": 20604207768.49986,
          "last_updated": "2020-05-11T09:40:21.000Z"
        }
      }
    },
    {
      "id": 52,
      "name": "XRP",
      "symbol": "XRP",
      "slug": "xrp",
      "num_market_pairs": 542,
      "date_added": "2013-08-04T00:00:00.000Z",
      "tags": [],
      "max_supply": 100000000000,
      "circulating_supply": 44112853111,
      "total_supply": 99990976125,
      "platform": null,
      "cmc_rank": 3,
      "last_updated": "2020-05-11T09:40:05.000Z",
      "quote": {
        "USD": {
          "price": 0.193025390503,
          "volume_24h": 2270028297.67609,
          "percent_change_1h": -0.765303,
          "percent_change_24h": -3.3143,
          "percent_change_7d": -10.0198,
          "market_cap": 8514900697.952253,
          "last_updated": "2020-05-11T09:40:05.000Z"
        }
      }
    },
    {
      "id": 825,
      "name": "Tether",
      "symbol": "USDT",
      "slug": "tether",
      "num_market_pairs": 4861,
      "date_added": "2015-02-25T00:00:00.000Z",
      "tags": [],
      "max_supply": null,
      "circulating_supply": 6361032509,
      "total_supply": 6998318752.17,
      "platform": {
        "id": 1027,
        "name": "Ethereum",
        "symbol": "ETH",
        "slug": "ethereum",
        "token_address": "31"
      },
      "cmc_rank": 4,
      "last_updated": "2020-05-11T09:40:21.000Z",
      "quote": {
        "USD": {
          "price": 1.00109472559,
          "volume_24h": 56795326995.3065,
          "percent_change_1h": -0.0581942,
          "percent_change_24h": -0.0519858,
          "percent_change_7d": -0.551436,
          "market_cap": 6367996094.066424,
          "last_updated": "2020-05-11T09:40:21.000Z"
        }
      }
    },
    {
      "id": 1831,
      "name": "Bitcoin Cash",
      "symbol": "BCH",
      "slug": "bitcoin-cash",
      "num_market_pairs": 478,
      "date_added": "2017-07-23T00:00:00.000Z",
      "tags": [
        "mineable"
      ],
      "max_supply": 21000000,
      "circulating_supply": 18403912.5,
      "total_supply": 18403912.5,
      "platform": null,
      "cmc_rank": 5,
      "last_updated": "2020-05-11T09:40:08.000Z",
      "quote": {
        "USD": {
          "price": 229.40252039,
          "volume_24h": 3762462144.46816,
          "percent_change_1h": -0.138143,
          "percent_change_24h": -3.43849,
          "percent_change_7d": -5.69494,
          "market_cap": 4221903912.537026,
          "last_updated": "2020-05-11T09:40:08.000Z"
        }
      }
    },
    {
      "id": 3602,
      "name": "Bitcoin SV",
      "symbol": "BSV",
      "slug": "bitcoin-sv",
      "num_market_pairs": 183,
      "date_added": "2018-11-09T00:00:00.000Z",
      "tags": [
        "mineable"
      ],
      "max_supply": 21000000,
      "circulating_supply": 18402564.5819233,
      "total_supply": 18402564.5819233,
      "platform": null,
      "cmc_rank": 6,
      "last_updated": "2020-05-11T09:40:12.000Z",
      "quote": {
        "USD": {
          "price": 178.781983249,
          "volume_24h": 2122206596.16047,
          "percent_change_1h": -0.464477,
          "percent_change_24h": -6.46007,
          "percent_change_7d": -11.2556,
          "market_cap": 3290046992.824052,
          "last_updated": "2020-05-11T09:40:12.000Z"
        }
      }
    },
    {
      "id": 2,
      "name": "Litecoin",
      "symbol": "LTC",
      "slug": "litecoin",
      "num_market_pairs": 592,
      "date_added": "2013-04-28T00:00:00.000Z",
      "tags": [
        "mineable"
      ],
      "max_supply": 84000000,
      "circulating_supply": 64704355.7265572,
      "total_supply": 64704355.7265572,
      "platform": null,
      "cmc_rank": 7,
      "last_updated": "2020-05-11T09:40:05.000Z",
      "quote": {
        "USD": {
          "price": 41.3649902886,
          "volume_24h": 4537316192.98403,
          "percent_change_1h": -0.192297,
          "percent_change_24h": -2.98648,
          "percent_change_7d": -11.2572,
          "market_cap": 2676495046.259158,
          "last_updated": "2020-05-11T09:40:05.000Z"
        }
      }
    },
    {
      "id": 1839,
      "name": "Binance Coin",
      "symbol": "BNB",
      "slug": "binance-coin",
      "num_market_pairs": 314,
      "date_added": "2017-07-25T00:00:00.000Z",
      "tags": [],
      "max_supply": 187536713,
      "circulating_supply": 155536713,
      "total_supply": 187536713,
      "platform": null,
      "cmc_rank": 8,
      "last_updated": "2020-05-11T09:40:06.000Z",
      "quote": {
        "USD": {
          "price": 14.7261833625,
          "volume_24h": 343489084.525752,
          "percent_change_1h": -2.19601,
          "percent_change_24h": -4.66677,
          "percent_change_7d": -11.8653,
          "market_cap": 2290462155.2385373,
          "last_updated": "2020-05-11T09:40:06.000Z"
        }
      }
    },
    {
      "id": 1765,
      "name": "EOS",
      "symbol": "EOS",
      "slug": "eos",
      "num_market_pairs": 372,
      "date_added": "2017-07-01T00:00:00.000Z",
      "tags": [],
      "max_supply": null,
      "circulating_supply": 922529210.5789,
      "total_supply": 1019229222.5788,
      "platform": null,
      "cmc_rank": 9,
      "last_updated": "2020-05-11T09:40:06.000Z",
      "quote": {
        "USD": {
          "price": 2.40913800266,
          "volume_24h": 3821022908.46901,
          "percent_change_1h": -0.331113,
          "percent_change_24h": -2.6946,
          "percent_change_7d": -11.7419,
          "market_cap": 2222500179.769558,
          "last_updated": "2020-05-11T09:40:06.000Z"
        }
      }
    },
    {
      "id": 2011,
      "name": "Tezos",
      "symbol": "XTZ",
      "slug": "tezos",
      "num_market_pairs": 96,
      "date_added": "2017-10-06T00:00:00.000Z",
      "tags": [],
      "max_supply": null,
      "circulating_supply": 710066943.86675,
      "total_supply": 710066943.86675,
      "platform": null,
      "cmc_rank": 10,
      "last_updated": "2020-05-11T09:40:04.000Z",
      "quote": {
        "USD": {
          "price": 2.43765249078,
          "volume_24h": 156985336.957717,
          "percent_change_1h": -0.657667,
          "percent_change_24h": -7.61059,
          "percent_change_7d": -8.93169,
          "market_cap": 1730896454.3373256,
          "last_updated": "2020-05-11T09:40:04.000Z"
        }
      }
    },
    {
      "id": 1975,
      "name": "Chainlink",
      "symbol": "LINK",
      "slug": "chainlink",
      "num_market_pairs": 179,
      "date_added": "2017-09-20T00:00:00.000Z",
      "tags": [],
      "max_supply": null,
      "circulating_supply": 350000000,
      "total_supply": 1000000000,
      "platform": {
        "id": 1027,
        "name": "Ethereum",
        "symbol": "ETH",
        "slug": "ethereum",
        "token_address": "0x514910771af9ca656af840dff83e8264ecf986ca"
      },
      "cmc_rank": 11,
      "last_updated": "2020-05-11T09:40:05.000Z",
      "quote": {
        "USD": {
          "price": 3.69576874333,
          "volume_24h": 437941654.079788,
          "percent_change_1h": -0.633918,
          "percent_change_24h": -2.47,
          "percent_change_7d": 1.92829,
          "market_cap": 1293519060.1655,
          "last_updated": "2020-05-11T09:40:05.000Z"
        }
      }
    },
    {
      "id": 512,
      "name": "Stellar",
      "symbol": "XLM",
      "slug": "stellar",
      "num_market_pairs": 300,
      "date_added": "2014-08-05T00:00:00.000Z",
      "tags": [],
      "max_supply": null,
      "circulating_supply": 20232488933.1324,
      "total_supply": 50001803858.8717,
      "platform": null,
      "cmc_rank": 12,
      "last_updated": "2020-05-11T09:40:04.000Z",
      "quote": {
        "USD": {
          "price": 0.0619258230152,
          "volume_24h": 670310650.512333,
          "percent_change_1h": -0.623311,
          "percent_change_24h": -5.31082,
          "percent_change_7d": -12.1092,
          "market_cap": 1252913528.8301497,
          "last_updated": "2020-05-11T09:40:04.000Z"
        }
      }
    },
    {
      "id": 2010,
      "name": "Cardano",
      "symbol": "ADA",
      "slug": "cardano",
      "num_market_pairs": 134,
      "date_added": "2017-10-01T00:00:00.000Z",
      "tags": [
        "mineable"
      ],
      "max_supply": 45000000000,
      "circulating_supply": 25927070538,
      "total_supply": 31112483745,
      "platform": null,
      "cmc_rank": 13,
      "last_updated": "2020-05-11T09:40:04.000Z",
      "quote": {
        "USD": {
          "price": 0.0460752246686,
          "volume_24h": 170180129.861914,
          "percent_change_1h": -0.400759,
          "percent_change_24h": -4.63525,
          "percent_change_7d": -3.44894,
          "market_cap": 1194595600.03699,
          "last_updated": "2020-05-11T09:40:04.000Z"
        }
      }
    },
    {
      "id": 3957,
      "name": "UNUS SED LEO",
      "symbol": "LEO",
      "slug": "unus-sed-leo",
      "num_market_pairs": 25,
      "date_added": "2019-05-21T00:00:00.000Z",
      "tags": [],
      "max_supply": null,
      "circulating_supply": 999498892.9,
      "total_supply": 999498892.9,
      "platform": {
        "id": 1027,
        "name": "Ethereum",
        "symbol": "ETH",
        "slug": "ethereum",
        "token_address": "0x2af5d2ad76741191d15dfe7bf6ac92d4bd912ca3"
      },
      "cmc_rank": 14,
      "last_updated": "2020-05-11T09:40:12.000Z",
      "quote": {
        "USD": {
          "price": 1.09209865353,
          "volume_24h": 12571906.8439452,
          "percent_change_1h": -0.138502,
          "percent_change_24h": 0.419406,
          "percent_change_7d": 2.22426,
          "market_cap": 1091551395.1408155,
          "last_updated": "2020-05-11T09:40:12.000Z"
        }
      }
    },
    {
      "id": 3635,
      "name": "Crypto.com Coin",
      "symbol": "CRO",
      "slug": "crypto-com-coin",
      "num_market_pairs": 45,
      "date_added": "2018-12-14T00:00:00.000Z",
      "tags": [],
      "max_supply": null,
      "circulating_supply": 16603196347.032,
      "total_supply": 100000000000,
      "platform": {
        "id": 1027,
        "name": "Ethereum",
        "symbol": "ETH",
        "slug": "ethereum",
        "token_address": "0xa0b73e1ff0b80914ab6fe0444e65848c4c34450b"
      },
      "cmc_rank": 15,
      "last_updated": "2020-05-11T09:40:11.000Z",
      "quote": {
        "USD": {
          "price": 0.0636042357699,
          "volume_24h": 5931972.20903,
          "percent_change_1h": -0.428166,
          "percent_change_24h": 0.398418,
          "percent_change_7d": 7.16778,
          "market_cap": 1056033614.9905658,
          "last_updated": "2020-05-11T09:40:11.000Z"
        }
      }
    },
    {
      "id": 328,
      "name": "Monero",
      "symbol": "XMR",
      "slug": "monero",
      "num_market_pairs": 143,
      "date_added": "2014-05-21T00:00:00.000Z",
      "tags": [
        "mineable"
      ],
      "max_supply": null,
      "circulating_supply": 17555907.930092,
      "total_supply": 17555907.930092,
      "platform": null,
      "cmc_rank": 16,
      "last_updated": "2020-05-11T09:40:02.000Z",
      "quote": {
        "USD": {
          "price": 58.8228421347,
          "volume_24h": 105946716.664656,
          "percent_change_1h": 0.102653,
          "percent_change_24h": 0.333021,
          "percent_change_7d": -1.80978,
          "market_cap": 1032688400.7031294,
          "last_updated": "2020-05-11T09:40:02.000Z"
        }
      }
    },
    {
      "id": 1958,
      "name": "TRON",
      "symbol": "TRX",
      "slug": "tron",
      "num_market_pairs": 343,
      "date_added": "2017-09-13T00:00:00.000Z",
      "tags": [],
      "max_supply": null,
      "circulating_supply": 66682072191.4,
      "total_supply": 99281283754.3,
      "platform": null,
      "cmc_rank": 17,
      "last_updated": "2020-05-11T09:40:06.000Z",
      "quote": {
        "USD": {
          "price": 0.0140291772254,
          "volume_24h": 1576470212.97526,
          "percent_change_1h": -0.591946,
          "percent_change_24h": -3.15072,
          "percent_change_7d": -10.3827,
          "market_cap": 935494608.5300676,
          "last_updated": "2020-05-11T09:40:06.000Z"
        }
      }
    },
    {
      "id": 2502,
      "name": "Huobi Token",
      "symbol": "HT",
      "slug": "huobi-token",
      "num_market_pairs": 137,
      "date_added": "2018-02-03T00:00:00.000Z",
      "tags": [],
      "max_supply": null,
      "circulating_supply": 222668092.971921,
      "total_supply": 500000000,
      "platform": {
        "id": 1027,
        "name": "Ethereum",
        "symbol": "ETH",
        "slug": "ethereum",
        "token_address": "0x6f259637dcd74c767781e37bc6133cd6a68aa161"
      },
      "cmc_rank": 18,
      "last_updated": "2020-05-11T09:40:06.000Z",
      "quote": {
        "USD": {
          "price": 3.77717146551,
          "volume_24h": 176917038.971829,
          "percent_change_1h": -0.432882,
          "percent_change_24h": -2.83502,
          "percent_change_7d": -8.01071,
          "market_cap": 841055567.0530678,
          "last_updated": "2020-05-11T09:40:06.000Z"
        }
      }
    },
    {
      "id": 3408,
      "name": "USD Coin",
      "symbol": "USDC",
      "slug": "usd-coin",
      "num_market_pairs": 225,
      "date_added": "2018-10-08T00:00:00.000Z",
      "tags": [],
      "max_supply": null,
      "circulating_supply": 706239389.997448,
      "total_supply": 712941957.27,
      "platform": {
        "id": 1027,
        "name": "Ethereum",
        "symbol": "ETH",
        "slug": "ethereum",
        "token_address": "0xa0b86991c6218b36c1d19d4a2e9eb0ce3606eb48"
      },
      "cmc_rank": 19,
      "last_updated": "2020-05-11T09:40:12.000Z",
      "quote": {
        "USD": {
          "price": 0.999386781355,
          "volume_24h": 495422175.80495,
          "percent_change_1h": -0.0782123,
          "percent_change_24h": -0.176894,
          "percent_change_7d": -0.387758,
          "market_cap": 705806310.8356681,
          "last_updated": "2020-05-11T09:40:12.000Z"
        }
      }
    },
    {
      "id": 1321,
      "name": "Ethereum Classic",
      "symbol": "ETC",
      "slug": "ethereum-classic",
      "num_market_pairs": 248,
      "date_added": "2016-07-24T00:00:00.000Z",
      "tags": [
        "mineable"
      ],
      "max_supply": 210700000,
      "circulating_supply": 116313299,
      "total_supply": 116313299,
      "platform": null,
      "cmc_rank": 20,
      "last_updated": "2020-05-11T09:40:05.000Z",
      "quote": {
        "USD": {
          "price": 6.01291615291,
          "volume_24h": 2142646232.6332,
          "percent_change_1h": -0.522755,
          "percent_change_24h": -4.3369,
          "percent_change_7d": -13.4794,
          "market_cap": 699382114.3553505,
          "last_updated": "2020-05-11T09:40:05.000Z"
        }
      }
    },
    {
      "id": 1376,
      "name": "Neo",
      "symbol": "NEO",
      "slug": "neo",
      "num_market_pairs": 244,
      "date_added": "2016-09-08T00:00:00.000Z",
      "tags": [],
      "max_supply": 100000000,
      "circulating_supply": 70538831,
      "total_supply": 100000000,
      "platform": null,
      "cmc_rank": 21,
      "last_updated": "2020-05-11T09:40:04.000Z",
      "quote": {
        "USD": {
          "price": 9.5384532977,
          "volume_24h": 837783336.791298,
          "percent_change_1h": -0.617848,
          "percent_change_24h": -7.78833,
          "percent_change_7d": 7.22214,
          "market_cap": 672831345.167853,
          "last_updated": "2020-05-11T09:40:04.000Z"
        }
      }
    },
    {
      "id": 131,
      "name": "Dash",
      "symbol": "DASH",
      "slug": "dash",
      "num_market_pairs": 288,
      "date_added": "2014-02-14T00:00:00.000Z",
      "tags": [
        "mineable"
      ],
      "max_supply": 18900000,
      "circulating_supply": 9487359.88007452,
      "total_supply": 9487359.88007452,
      "platform": null,
      "cmc_rank": 22,
      "last_updated": "2020-05-11T09:40:04.000Z",
      "quote": {
        "USD": {
          "price": 70.4937238613,
          "volume_24h": 695849807.141204,
          "percent_change_1h": -0.144705,
          "percent_change_24h": -3.99922,
          "percent_change_7d": -9.80548,
          "market_cap": 668799327.5587494,
          "last_updated": "2020-05-11T09:40:04.000Z"
        }
      }
    },
    {
      "id": 3662,
      "name": "HedgeTrade",
      "symbol": "HEDG",
      "slug": "hedgetrade",
      "num_market_pairs": 14,
      "date_added": "2019-01-03T00:00:00.000Z",
      "tags": [],
      "max_supply": null,
      "circulating_supply": 288208798.11353,
      "total_supply": 1000000000.05,
      "platform": {
        "id": 1027,
        "name": "Ethereum",
        "symbol": "ETH",
        "slug": "ethereum",
        "token_address": "0xF1290473E210b2108A85237fbCd7b6eb42Cc654F"
      },
      "cmc_rank": 23,
      "last_updated": "2020-05-11T09:40:11.000Z",
      "quote": {
        "USD": {
          "price": 2.11936083193,
          "volume_24h": 432575.572640911,
          "percent_change_1h": -1.9455,
          "percent_change_24h": -2.39996,
          "percent_change_7d": -2.65553,
          "market_cap": 610818438.1394362,
          "last_updated": "2020-05-11T09:40:11.000Z"
        }
      }
    },
    {
      "id": 1720,
      "name": "IOTA",
      "symbol": "MIOTA",
      "slug": "iota",
      "num_market_pairs": 53,
      "date_added": "2017-06-13T00:00:00.000Z",
      "tags": [],
      "max_supply": 2779530283,
      "circulating_supply": 2779530283,
      "total_supply": 2779530283,
      "platform": null,
      "cmc_rank": 24,
      "last_updated": "2020-05-11T09:40:03.000Z",
      "quote": {
        "USD": {
          "price": 0.176961279544,
          "volume_24h": 11190374.2258944,
          "percent_change_1h": -0.408346,
          "percent_change_24h": -2.03105,
          "percent_change_7d": -1.15568,
          "market_cap": 491869235.41097647,
          "last_updated": "2020-05-11T09:40:03.000Z"
        }
      }
    },
    {
      "id": 3794,
      "name": "Cosmos",
      "symbol": "ATOM",
      "slug": "cosmos",
      "num_market_pairs": 127,
      "date_added": "2019-03-14T00:00:00.000Z",
      "tags": [],
      "max_supply": null,
      "circulating_supply": 190688439.2,
      "total_supply": 237928230.821588,
      "platform": null,
      "cmc_rank": 25,
      "last_updated": "2020-05-11T09:40:12.000Z",
      "quote": {
        "USD": {
          "price": 2.41791294155,
          "volume_24h": 175609216.191161,
          "percent_change_1h": -0.568002,
          "percent_change_24h": -5.86227,
          "percent_change_7d": -9.82121,
          "market_cap": 461068044.9456503,
          "last_updated": "2020-05-11T09:40:12.000Z"
        }
      }
    },
    {
      "id": 1437,
      "name": "Zcash",
      "symbol": "ZEC",
      "slug": "zcash",
      "num_market_pairs": 235,
      "date_added": "2016-10-29T00:00:00.000Z",
      "tags": [
        "mineable"
      ],
      "max_supply": 21000000,
      "circulating_supply": 9130531.25,
      "total_supply": 9130531.25,
      "platform": null,
      "cmc_rank": 26,
      "last_updated": "2020-05-11T09:40:05.000Z",
      "quote": {
        "USD": {
          "price": 40.0669130835,
          "volume_24h": 352390900.119272,
          "percent_change_1h": -0.715013,
          "percent_change_24h": -4.87004,
          "percent_change_7d": -7.78273,
          "market_cap": 365832201.99993056,
          "last_updated": "2020-05-11T09:40:05.000Z"
        }
      }
    },
    {
      "id": 873,
      "name": "NEM",
      "symbol": "XEM",
      "slug": "nem",
      "num_market_pairs": 93,
      "date_added": "2015-04-01T00:00:00.000Z",
      "tags": [],
      "max_supply": null,
      "circulating_supply": 8999999999,
      "total_supply": 8999999999,
      "platform": null,
      "cmc_rank": 27,
      "last_updated": "2020-05-11T09:40:02.000Z",
      "quote": {
        "USD": {
          "price": 0.0379331717732,
          "volume_24h": 20849966.0266361,
          "percent_change_1h": 0.543406,
          "percent_change_24h": -3.39464,
          "percent_change_7d": -6.01861,
          "market_cap": 341398545.9208668,
          "last_updated": "2020-05-11T09:40:02.000Z"
        }
      }
    },
    {
      "id": 1518,
      "name": "Maker",
      "symbol": "MKR",
      "slug": "maker",
      "num_market_pairs": 61,
      "date_added": "2017-01-29T00:00:00.000Z",
      "tags": [],
      "max_supply": null,
      "circulating_supply": 1005576.75172367,
      "total_supply": 1005576.75172367,
      "platform": {
        "id": 1027,
        "name": "Ethereum",
        "symbol": "ETH",
        "slug": "ethereum",
        "token_address": "0x9f8f72aa9304c8b593d555f12ef6589cc3a579a2"
      },
      "cmc_rank": 28,
      "last_updated": "2020-05-11T09:40:03.000Z",
      "quote": {
        "USD": {
          "price": 323.649054931,
          "volume_24h": 3767707.42697568,
          "percent_change_1h": -0.206531,
          "percent_change_24h": -0.105729,
          "percent_change_7d": -9.81827,
          "market_cap": 325453965.35595065,
          "last_updated": "2020-05-11T09:40:03.000Z"
        }
      }
    },
    {
      "id": 74,
      "name": "Dogecoin",
      "symbol": "DOGE",
      "slug": "dogecoin",
      "num_market_pairs": 235,
      "date_added": "2013-12-15T00:00:00.000Z",
      "tags": [
        "mineable"
      ],
      "max_supply": null,
      "circulating_supply": 124516246035.878,
      "total_supply": 124516246035.878,
      "platform": null,
      "cmc_rank": 29,
      "last_updated": "2020-05-11T09:40:03.000Z",
      "quote": {
        "USD": {
          "price": 0.00241574964443,
          "volume_24h": 262857157.341526,
          "percent_change_1h": -0.529095,
          "percent_change_24h": -2.98284,
          "percent_change_7d": -0.740358,
          "market_cap": 300800077.0869307,
          "last_updated": "2020-05-11T09:40:03.000Z"
        }
      }
    },
    {
      "id": 2566,
      "name": "Ontology",
      "symbol": "ONT",
      "slug": "ontology",
      "num_market_pairs": 122,
      "date_added": "2018-03-08T00:00:00.000Z",
      "tags": [],
      "max_supply": null,
      "circulating_supply": 656746573,
      "total_supply": 1000000000,
      "platform": null,
      "cmc_rank": 30,
      "last_updated": "2020-05-11T09:40:06.000Z",
      "quote": {
        "USD": {
          "price": 0.449450497043,
          "volume_24h": 121649142.845235,
          "percent_change_1h": -0.431647,
          "percent_change_24h": -1.27264,
          "percent_change_7d": -3.96378,
          "market_cap": 295175073.66613686,
          "last_updated": "2020-05-11T09:40:06.000Z"
        }
      }
    },
    {
      "id": 3897,
      "name": "OKB",
      "symbol": "OKB",
      "slug": "okb",
      "num_market_pairs": 50,
      "date_added": "2019-04-30T00:00:00.000Z",
      "tags": [],
      "max_supply": null,
      "circulating_supply": 60000000,
      "total_supply": 300000000,
      "platform": {
        "id": 1027,
        "name": "Ethereum",
        "symbol": "ETH",
        "slug": "ethereum",
        "token_address": "0x75231f58b43240c9718dd58b4967c5114342a86c"
      },
      "cmc_rank": 31,
      "last_updated": "2020-05-11T09:40:12.000Z",
      "quote": {
        "USD": {
          "price": 4.72618557978,
          "volume_24h": 121174992.483835,
          "percent_change_1h": -1.09295,
          "percent_change_24h": -4.47908,
          "percent_change_7d": -9.41308,
          "market_cap": 283571134.7868,
          "last_updated": "2020-05-11T09:40:12.000Z"
        }
      }
    },
    {
      "id": 1697,
      "name": "Basic Attention Token",
      "symbol": "BAT",
      "slug": "basic-attention-token",
      "num_market_pairs": 189,
      "date_added": "2017-06-01T00:00:00.000Z",
      "tags": [],
      "max_supply": null,
      "circulating_supply": 1457527137.0863,
      "total_supply": 1500000000,
      "platform": {
        "id": 1027,
        "name": "Ethereum",
        "symbol": "ETH",
        "slug": "ethereum",
        "token_address": "0x0d8775f648430679a709e98d2b0cb6250d2887ef"
      },
      "cmc_rank": 32,
      "last_updated": "2020-05-11T09:40:04.000Z",
      "quote": {
        "USD": {
          "price": 0.190691360619,
          "volume_24h": 121704314.875403,
          "percent_change_1h": -0.977596,
          "percent_change_24h": -6.94386,
          "percent_change_7d": 5.03405,
          "market_cap": 277937832.91010225,
          "last_updated": "2020-05-11T09:40:04.000Z"
        }
      }
    },
    {
      "id": 4195,
      "name": "FTX Token",
      "symbol": "FTT",
      "slug": "ftx-token",
      "num_market_pairs": 24,
      "date_added": "2019-07-31T00:00:00.000Z",
      "tags": [],
      "max_supply": null,
      "circulating_supply": 95268782.0940323,
      "total_supply": 346141118.16126,
      "platform": {
        "id": 1027,
        "name": "Ethereum",
        "symbol": "ETH",
        "slug": "ethereum",
        "token_address": "0x50d1c9771902476076ecfc8b2a83ad6b9355a4c9"
      },
      "cmc_rank": 33,
      "last_updated": "2020-05-11T09:40:13.000Z",
      "quote": {
        "USD": {
          "price": 2.69428132719,
          "volume_24h": 3750168.86842728,
          "percent_change_1h": -0.855945,
          "percent_change_24h": -3.40502,
          "percent_change_7d": -12.2579,
          "market_cap": 256680900.66008428,
          "last_updated": "2020-05-11T09:40:13.000Z"
        }
      }
    },
    {
      "id": 109,
      "name": "DigiByte",
      "symbol": "DGB",
      "slug": "digibyte",
      "num_market_pairs": 77,
      "date_added": "2014-02-06T00:00:00.000Z",
      "tags": [
        "mineable"
      ],
      "max_supply": 21000000000,
      "circulating_supply": 13124984129.2552,
      "total_supply": 13124984129.2552,
      "platform": null,
      "cmc_rank": 34,
      "last_updated": "2020-05-11T09:40:02.000Z",
      "quote": {
        "USD": {
          "price": 0.0192193889578,
          "volume_24h": 17238716.4558955,
          "percent_change_1h": -0.794252,
          "percent_change_24h": -6.32253,
          "percent_change_7d": 6.50758,
          "market_cap": 252254175.04510763,
          "last_updated": "2020-05-11T09:40:02.000Z"
        }
      }
    },
    {
      "id": 1896,
      "name": "0x",
      "symbol": "ZRX",
      "slug": "0x",
      "num_market_pairs": 177,
      "date_added": "2017-08-16T00:00:00.000Z",
      "tags": [],
      "max_supply": null,
      "circulating_supply": 652985066.903398,
      "total_supply": 1000000000,
      "platform": {
        "id": 1027,
        "name": "Ethereum",
        "symbol": "ETH",
        "slug": "ethereum",
        "token_address": "0xe41d2489571d322189246dafa5ebde1f4699f498"
      },
      "cmc_rank": 35,
      "last_updated": "2020-05-11T09:40:05.000Z",
      "quote": {
        "USD": {
          "price": 0.376443979406,
          "volume_24h": 153853647.395584,
          "percent_change_1h": -1.6087,
          "percent_change_24h": -10.3829,
          "percent_change_7d": 88.4057,
          "market_cap": 245812297.0778083,
          "last_updated": "2020-05-11T09:40:05.000Z"
        }
      }
    },
    {
      "id": 3330,
      "name": "Paxos Standard",
      "symbol": "PAX",
      "slug": "paxos-standard",
      "num_market_pairs": 100,
      "date_added": "2018-09-27T00:00:00.000Z",
      "tags": [],
      "max_supply": null,
      "circulating_supply": 244951954.494264,
      "total_supply": 249952064.83,
      "platform": {
        "id": 1027,
        "name": "Ethereum",
        "symbol": "ETH",
        "slug": "ethereum",
        "token_address": "0x8e870d67f660d95d5be530380d0ec0bd388289e1"
      },
      "cmc_rank": 36,
      "last_updated": "2020-05-11T09:40:11.000Z",
      "quote": {
        "USD": {
          "price": 1.001411429,
          "volume_24h": 704627654.156204,
          "percent_change_1h": -0.0366016,
          "percent_change_24h": 0.212756,
          "percent_change_7d": -0.413239,
          "market_cap": 245297686.7864439,
          "last_updated": "2020-05-11T09:40:11.000Z"
        }
      }
    },
    {
      "id": 3077,
      "name": "VeChain",
      "symbol": "VET",
      "slug": "vechain",
      "num_market_pairs": 101,
      "date_added": "2017-08-22T00:00:00.000Z",
      "tags": [],
      "max_supply": null,
      "circulating_supply": 55454734800,
      "total_supply": 86712634466,
      "platform": null,
      "cmc_rank": 37,
      "last_updated": "2020-05-11T09:40:09.000Z",
      "quote": {
        "USD": {
          "price": 0.00399812978077,
          "volume_24h": 171026169.153284,
          "percent_change_1h": -0.671494,
          "percent_change_24h": -4.96433,
          "percent_change_7d": -6.41401,
          "market_cap": 221715226.6885825,
          "last_updated": "2020-05-11T09:40:09.000Z"
        }
      }
    },
    {
      "id": 4687,
      "name": "Binance USD",
      "symbol": "BUSD",
      "slug": "binance-usd",
      "num_market_pairs": 61,
      "date_added": "2019-09-20T00:00:00.000Z",
      "tags": [],
      "max_supply": null,
      "circulating_supply": 178041177.65,
      "total_supply": 178041177.65,
      "platform": {
        "id": 1027,
        "name": "Ethereum",
        "symbol": "ETH",
        "slug": "ethereum",
        "token_address": "0x4Fabb145d64652a948d72533023f6E7A623C7C53"
      },
      "cmc_rank": 38,
      "last_updated": "2020-05-11T09:40:14.000Z",
      "quote": {
        "USD": {
          "price": 1.00117854223,
          "volume_24h": 134711590.777729,
          "percent_change_1h": -0.0110313,
          "percent_change_24h": -0.0140777,
          "percent_change_7d": -0.359789,
          "market_cap": 178251006.69653946,
          "last_updated": "2020-05-11T09:40:14.000Z"
        }
      }
    },
    {
      "id": 2083,
      "name": "Bitcoin Gold",
      "symbol": "BTG",
      "slug": "bitcoin-gold",
      "num_market_pairs": 74,
      "date_added": "2017-10-23T00:00:00.000Z",
      "tags": [
        "mineable"
      ],
      "max_supply": 21000000,
      "circulating_supply": 17513923.589,
      "total_supply": 17513923.589,
      "platform": null,
      "cmc_rank": 39,
      "last_updated": "2020-05-11T09:40:04.000Z",
      "quote": {
        "USD": {
          "price": 8.49313316756,
          "volume_24h": 34996807.8002733,
          "percent_change_1h": -0.758698,
          "percent_change_24h": -4.81307,
          "percent_change_7d": -11.1317,
          "market_cap": 148748085.3278474,
          "last_updated": "2020-05-11T09:40:04.000Z"
        }
      }
    },
    {
      "id": 1168,
      "name": "Decred",
      "symbol": "DCR",
      "slug": "decred",
      "num_market_pairs": 51,
      "date_added": "2016-02-10T00:00:00.000Z",
      "tags": [
        "mineable"
      ],
      "max_supply": 21000000,
      "circulating_supply": 11473890.3184052,
      "total_supply": 11473890.3184052,
      "platform": null,
      "cmc_rank": 40,
      "last_updated": "2020-05-11T09:40:03.000Z",
      "quote": {
        "USD": {
          "price": 12.8358924112,
          "volume_24h": 104162510.924567,
          "percent_change_1h": -0.757873,
          "percent_change_24h": -5.2995,
          "percent_change_7d": -9.58053,
          "market_cap": 147277621.66495845,
          "last_updated": "2020-05-11T09:40:03.000Z"
        }
      }
    },
    {
      "id": 2586,
      "name": "Synthetix Network Token",
      "symbol": "SNX",
      "slug": "synthetix-network-token",
      "num_market_pairs": 20,
      "date_added": "2018-03-14T00:00:00.000Z",
      "tags": [],
      "max_supply": null,
      "circulating_supply": 181454897.973105,
      "total_supply": 182701142.321275,
      "platform": {
        "id": 1027,
        "name": "Ethereum",
        "symbol": "ETH",
        "slug": "ethereum",
        "token_address": "0xc011a72400e58ecd99ee497cf89e3775d4bd732f"
      },
      "cmc_rank": 41,
      "last_updated": "2020-05-11T09:40:05.000Z",
      "quote": {
        "USD": {
          "price": 0.789432300583,
          "volume_24h": 3795670.99403992,
          "percent_change_1h": -1.00242,
          "percent_change_24h": -7.02623,
          "percent_change_7d": 3.19986,
          "market_cap": 143246357.55896184,
          "last_updated": "2020-05-11T09:40:05.000Z"
        }
      }
    },
    {
      "id": 4642,
      "name": "Hedera Hashgraph",
      "symbol": "HBAR",
      "slug": "hedera-hashgraph",
      "num_market_pairs": 23,
      "date_added": "2019-09-17T00:00:00.000Z",
      "tags": [],
      "max_supply": null,
      "circulating_supply": 4077684788,
      "total_supply": 50000000000,
      "platform": null,
      "cmc_rank": 42,
      "last_updated": "2020-05-11T09:40:13.000Z",
      "quote": {
        "USD": {
          "price": 0.0340765518694,
          "volume_24h": 7052593.53701348,
          "percent_change_1h": -1.23057,
          "percent_change_24h": -2.07048,
          "percent_change_7d": -12.6898,
          "market_cap": 138953437.18534535,
          "last_updated": "2020-05-11T09:40:13.000Z"
        }
      }
    },
    {
      "id": 2099,
      "name": "ICON",
      "symbol": "ICX",
      "slug": "icon",
      "num_market_pairs": 63,
      "date_added": "2017-10-27T00:00:00.000Z",
      "tags": [],
      "max_supply": null,
      "circulating_supply": 542466995.139486,
      "total_supply": 800460000,
      "platform": null,
      "cmc_rank": 43,
      "last_updated": "2020-05-11T09:40:04.000Z",
      "quote": {
        "USD": {
          "price": 0.253732289275,
          "volume_24h": 29549694.3225233,
          "percent_change_1h": -0.383989,
          "percent_change_24h": -4.96188,
          "percent_change_7d": -4.57459,
          "market_cap": 137641392.53287208,
          "last_updated": "2020-05-11T09:40:04.000Z"
        }
      }
    },
    {
      "id": 2563,
      "name": "TrueUSD",
      "symbol": "TUSD",
      "slug": "trueusd",
      "num_market_pairs": 156,
      "date_added": "2018-03-06T00:00:00.000Z",
      "tags": [],
      "max_supply": null,
      "circulating_supply": 137381003.68,
      "total_supply": 137381003.68,
      "platform": {
        "id": 1027,
        "name": "Ethereum",
        "symbol": "ETH",
        "slug": "ethereum",
        "token_address": "0x0000000000085d4780B73119b644AE5ecd22b376"
      },
      "cmc_rank": 44,
      "last_updated": "2020-05-11T09:40:06.000Z",
      "quote": {
        "USD": {
          "price": 1.00008898293,
          "volume_24h": 350541094.844832,
          "percent_change_1h": 0.0342216,
          "percent_change_24h": 0.00917372,
          "percent_change_7d": -0.50133,
          "market_cap": 137393228.2442338,
          "last_updated": "2020-05-11T09:40:06.000Z"
        }
      }
    },
    {
      "id": 1104,
      "name": "Augur",
      "symbol": "REP",
      "slug": "augur",
      "num_market_pairs": 71,
      "date_added": "2015-10-27T00:00:00.000Z",
      "tags": [],
      "max_supply": null,
      "circulating_supply": 11000000,
      "total_supply": 11000000,
      "platform": {
        "id": 1027,
        "name": "Ethereum",
        "symbol": "ETH",
        "slug": "ethereum",
        "token_address": "0x1985365e9f78359a9b6ad760e32412f4a445e862"
      },
      "cmc_rank": 45,
      "last_updated": "2020-05-11T09:40:02.000Z",
      "quote": {
        "USD": {
          "price": 12.4463129442,
          "volume_24h": 41966944.8345497,
          "percent_change_1h": 1.04736,
          "percent_change_24h": 6.01311,
          "percent_change_7d": 18.6373,
          "market_cap": 136909442.3862,
          "last_updated": "2020-05-11T09:40:02.000Z"
        }
      }
    },
    {
      "id": 1684,
      "name": "Qtum",
      "symbol": "QTUM",
      "slug": "qtum",
      "num_market_pairs": 174,
      "date_added": "2017-05-24T00:00:00.000Z",
      "tags": [],
      "max_supply": 107822406,
      "circulating_supply": 96685203.6577188,
      "total_supply": 102404624,
      "platform": null,
      "cmc_rank": 46,
      "last_updated": "2020-05-11T09:40:04.000Z",
      "quote": {
        "USD": {
          "price": 1.41442302397,
          "volume_24h": 393161657.469676,
          "percent_change_1h": -0.719903,
          "percent_change_24h": -4.07599,
          "percent_change_7d": -7.34933,
          "market_cap": 136753778.13070592,
          "last_updated": "2020-05-11T09:40:04.000Z"
        }
      }
    },
    {
      "id": 3695,
      "name": "Hyperion",
      "symbol": "HYN",
      "slug": "hyperion",
      "num_market_pairs": 10,
      "date_added": "2019-01-14T00:00:00.000Z",
      "tags": [],
      "max_supply": null,
      "circulating_supply": 316765917.406,
      "total_supply": 10000000000,
      "platform": {
        "id": 1027,
        "name": "Ethereum",
        "symbol": "ETH",
        "slug": "ethereum",
        "token_address": "0xe99a894a69d7c2e3c92e61b64c505a6a57d2bc07"
      },
      "cmc_rank": 47,
      "last_updated": "2020-05-11T09:40:11.000Z",
      "quote": {
        "USD": {
          "price": 0.421214803166,
          "volume_24h": 22483186.8678792,
          "percent_change_1h": 0.216512,
          "percent_change_24h": -11.8995,
          "percent_change_7d": -13.3621,
          "market_cap": 133426493.54986572,
          "last_updated": "2020-05-11T09:40:11.000Z"
        }
      }
    },
    {
      "id": 4030,
      "name": "Algorand",
      "symbol": "ALGO",
      "slug": "algorand",
      "num_market_pairs": 83,
      "date_added": "2019-06-20T00:00:00.000Z",
      "tags": [
        "mineable"
      ],
      "max_supply": null,
      "circulating_supply": 706601460.155001,
      "total_supply": 3237873303.155,
      "platform": null,
      "cmc_rank": 48,
      "last_updated": "2020-05-11T09:40:13.000Z",
      "quote": {
        "USD": {
          "price": 0.188189540524,
          "volume_24h": 46072343.9664431,
          "percent_change_1h": -0.500601,
          "percent_change_24h": -3.77921,
          "percent_change_7d": -5.31606,
          "market_cap": 132975004.12015714,
          "last_updated": "2020-05-11T09:40:13.000Z"
        }
      }
    },
    {
      "id": 1214,
      "name": "Lisk",
      "symbol": "LSK",
      "slug": "lisk",
      "num_market_pairs": 57,
      "date_added": "2016-04-06T00:00:00.000Z",
      "tags": [],
      "max_supply": null,
      "circulating_supply": 123540516.145642,
      "total_supply": 139595128,
      "platform": null,
      "cmc_rank": 49,
      "last_updated": "2020-05-11T09:40:02.000Z",
      "quote": {
        "USD": {
          "price": 1.0611438757,
          "volume_24h": 4964384.12665909,
          "percent_change_1h": -1.13237,
          "percent_change_24h": -2.35131,
          "percent_change_7d": -11.6751,
          "market_cap": 131094262.10876498,
          "last_updated": "2020-05-11T09:40:02.000Z"
        }
      }
    },
    {
      "id": 2130,
      "name": "Enjin Coin",
      "symbol": "ENJ",
      "slug": "enjin-coin",
      "num_market_pairs": 65,
      "date_added": "2017-11-01T00:00:00.000Z",
      "tags": [],
      "max_supply": null,
      "circulating_supply": 819772129.064264,
      "total_supply": 1000000000,
      "platform": {
        "id": 1027,
        "name": "Ethereum",
        "symbol": "ETH",
        "slug": "ethereum",
        "token_address": "0xf629cbd94d3791c9250152bd8dfbdf380e2a3b9c"
      },
      "cmc_rank": 50,
      "last_updated": "2020-05-11T09:40:05.000Z",
      "quote": {
        "USD": {
          "price": 0.146645050683,
          "volume_24h": 17074592.3577919,
          "percent_change_1h": -0.931017,
          "percent_change_24h": 4.92901,
          "percent_change_7d": 13.1149,
          "market_cap": 120215525.41513981,
          "last_updated": "2020-05-11T09:40:05.000Z"
        }
      }
    },
    {
      "id": 2416,
      "name": "THETA",
      "symbol": "THETA",
      "slug": "theta",
      "num_market_pairs": 30,
      "date_added": "2018-01-17T00:00:00.000Z",
      "tags": [],
      "max_supply": null,
      "circulating_supply": 870502690,
      "total_supply": 1000000000,
      "platform": null,
      "cmc_rank": 51,
      "last_updated": "2020-05-11T09:40:05.000Z",
      "quote": {
        "USD": {
          "price": 0.137159107492,
          "volume_24h": 5291628.96085398,
          "percent_change_1h": -0.739875,
          "percent_change_24h": -7.35298,
          "percent_change_7d": 0.509666,
          "market_cap": 119397372.02978516,
          "last_updated": "2020-05-11T09:40:05.000Z"
        }
      }
    },
    {
      "id": 2577,
      "name": "Ravencoin",
      "symbol": "RVN",
      "slug": "ravencoin",
      "num_market_pairs": 54,
      "date_added": "2018-03-10T00:00:00.000Z",
      "tags": [
        "mineable"
      ],
      "max_supply": 21000000000,
      "circulating_supply": 6134430000,
      "total_supply": 6134430000,
      "platform": null,
      "cmc_rank": 52,
      "last_updated": "2020-05-11T09:40:06.000Z",
      "quote": {
        "USD": {
          "price": 0.0183043054149,
          "volume_24h": 10937145.7175033,
          "percent_change_1h": -0.840771,
          "percent_change_24h": -5.16486,
          "percent_change_7d": -9.57506,
          "market_cap": 112286480.26632501,
          "last_updated": "2020-05-11T09:40:06.000Z"
        }
      }
    },
    {
      "id": 1759,
      "name": "Status",
      "symbol": "SNT",
      "slug": "status",
      "num_market_pairs": 85,
      "date_added": "2017-06-28T00:00:00.000Z",
      "tags": [],
      "max_supply": null,
      "circulating_supply": 3470483788,
      "total_supply": 6804870174,
      "platform": {
        "id": 1027,
        "name": "Ethereum",
        "symbol": "ETH",
        "slug": "ethereum",
        "token_address": "0x744d70fdbe2ba4cf95131626614a1763df805b9e"
      },
      "cmc_rank": 53,
      "last_updated": "2020-05-11T09:40:03.000Z",
      "quote": {
        "USD": {
          "price": 0.0313329464341,
          "volume_24h": 73393282.7562258,
          "percent_change_1h": -3.20957,
          "percent_change_24h": 12.498,
          "percent_change_7d": 60.9925,
          "market_cap": 108740482.62981646,
          "last_updated": "2020-05-11T09:40:03.000Z"
        }
      }
    },
    {
      "id": 4943,
      "name": "Multi-collateral DAI",
      "symbol": "DAI",
      "slug": "multi-collateral-dai",
      "num_market_pairs": 86,
      "date_added": "2019-11-22T00:00:00.000Z",
      "tags": [],
      "max_supply": null,
      "circulating_supply": 108680468.669812,
      "total_supply": 108965603.881957,
      "platform": {
        "id": 1027,
        "name": "Ethereum",
        "symbol": "ETH",
        "slug": "ethereum",
        "token_address": "0x6b175474e89094c44da98b954eedeac495271d0f"
      },
      "cmc_rank": 54,
      "last_updated": "2020-05-11T09:40:14.000Z",
      "quote": {
        "USD": {
          "price": 0.994184715736,
          "volume_24h": 16126671.6821957,
          "percent_change_1h": -0.315255,
          "percent_change_24h": -1.20567,
          "percent_change_7d": -0.806252,
          "market_cap": 108048460.85055229,
          "last_updated": "2020-05-11T09:40:14.000Z"
        }
      }
    },
    {
      "id": 1982,
      "name": "Kyber Network",
      "symbol": "KNC",
      "slug": "kyber-network",
      "num_market_pairs": 63,
      "date_added": "2017-09-24T00:00:00.000Z",
      "tags": [],
      "max_supply": null,
      "circulating_supply": 180028288.926415,
      "total_supply": 210861130.645279,
      "platform": {
        "id": 1027,
        "name": "Ethereum",
        "symbol": "ETH",
        "slug": "ethereum",
        "token_address": "0xdd974d5c2e2928dea5f71b9825b8b646686bd200"
      },
      "cmc_rank": 55,
      "last_updated": "2020-05-11T09:40:04.000Z",
      "quote": {
        "USD": {
          "price": 0.591813685407,
          "volume_24h": 34194501.1434248,
          "percent_change_1h": -0.492007,
          "percent_change_24h": -5.00257,
          "percent_change_7d": -8.01133,
          "market_cap": 106543205.14705786,
          "last_updated": "2020-05-11T09:40:04.000Z"
        }
      }
    },
    {
      "id": 3351,
      "name": "ZB Token",
      "symbol": "ZB",
      "slug": "zb-token",
      "num_market_pairs": 11,
      "date_added": "2018-09-27T00:00:00.000Z",
      "tags": [],
      "max_supply": null,
      "circulating_supply": 463288810,
      "total_supply": 2100000000,
      "platform": {
        "id": 1027,
        "name": "Ethereum",
        "symbol": "ETH",
        "slug": "ethereum",
        "token_address": "0xbd0793332e9fb844a52a205a233ef27a5b34b927"
      },
      "cmc_rank": 56,
      "last_updated": "2020-05-11T09:40:10.000Z",
      "quote": {
        "USD": {
          "price": 0.221677458194,
          "volume_24h": 50213427.5868719,
          "percent_change_1h": -0.0676537,
          "percent_change_24h": -2.41676,
          "percent_change_7d": -6.5902,
          "market_cap": 102700685.81052302,
          "last_updated": "2020-05-11T09:40:10.000Z"
        }
      }
    },
    {
      "id": 3437,
      "name": "ABBC Coin",
      "symbol": "ABBC",
      "slug": "abbc-coin",
      "num_market_pairs": 42,
      "date_added": "2018-10-12T00:00:00.000Z",
      "tags": [
        "mineable"
      ],
      "max_supply": null,
      "circulating_supply": 555416924.350722,
      "total_supply": 1003278750.0109,
      "platform": null,
      "cmc_rank": 57,
      "last_updated": "2020-05-11T09:40:11.000Z",
      "quote": {
        "USD": {
          "price": 0.176998550574,
          "volume_24h": 40485970.7684282,
          "percent_change_1h": -0.418723,
          "percent_change_24h": -4.5087,
          "percent_change_7d": 64.7394,
          "market_cap": 98307990.57434678,
          "last_updated": "2020-05-11T09:40:11.000Z"
        }
      }
    },
    {
      "id": 2222,
      "name": "Bitcoin Diamond",
      "symbol": "BCD",
      "slug": "bitcoin-diamond",
      "num_market_pairs": 28,
      "date_added": "2017-11-24T00:00:00.000Z",
      "tags": [
        "mineable"
      ],
      "max_supply": 210000000,
      "circulating_supply": 186492897.953,
      "total_supply": 189492897.953,
      "platform": null,
      "cmc_rank": 58,
      "last_updated": "2020-05-11T09:40:04.000Z",
      "quote": {
        "USD": {
          "price": 0.520940221826,
          "volume_24h": 6231221.31985527,
          "percent_change_1h": -0.299516,
          "percent_change_24h": -2.85943,
          "percent_change_7d": -7.62148,
          "market_cap": 97151651.6286094,
          "last_updated": "2020-05-11T09:40:04.000Z"
        }
      }
    },
    {
      "id": 1274,
      "name": "Waves",
      "symbol": "WAVES",
      "slug": "waves",
      "num_market_pairs": 130,
      "date_added": "2016-06-02T00:00:00.000Z",
      "tags": [],
      "max_supply": null,
      "circulating_supply": 101899876,
      "total_supply": 101899876,
      "platform": null,
      "cmc_rank": 59,
      "last_updated": "2020-05-11T09:40:03.000Z",
      "quote": {
        "USD": {
          "price": 0.946197574259,
          "volume_24h": 38752394.7046289,
          "percent_change_1h": -0.904308,
          "percent_change_24h": -2.13414,
          "percent_change_7d": -8.42077,
          "market_cap": 96417415.48849289,
          "last_updated": "2020-05-11T09:40:03.000Z"
        }
      }
    },
    {
      "id": 1808,
      "name": "OmiseGO",
      "symbol": "OMG",
      "slug": "omisego",
      "num_market_pairs": 205,
      "date_added": "2017-07-14T00:00:00.000Z",
      "tags": [],
      "max_supply": null,
      "circulating_supply": 140245398.245133,
      "total_supply": 140245398.245133,
      "platform": {
        "id": 1027,
        "name": "Ethereum",
        "symbol": "ETH",
        "slug": "ethereum",
        "token_address": "0xd26114cd6EE289AccF82350c8d8487fedB8A0C07"
      },
      "cmc_rank": 60,
      "last_updated": "2020-05-11T09:40:04.000Z",
      "quote": {
        "USD": {
          "price": 0.673694802283,
          "volume_24h": 107061035.233663,
          "percent_change_1h": -1.60376,
          "percent_change_24h": -2.19012,
          "percent_change_7d": -3.36547,
          "market_cap": 94482595.84185548,
          "last_updated": "2020-05-11T09:40:04.000Z"
        }
      }
    },
    {
      "id": 5370,
      "name": "Hive",
      "symbol": "HIVE",
      "slug": "hive-blockchain",
      "num_market_pairs": 16,
      "date_added": "2020-03-26T00:00:00.000Z",
      "tags": [],
      "max_supply": null,
      "circulating_supply": 286367783.594,
      "total_supply": 369737989.466,
      "platform": null,
      "cmc_rank": 61,
      "last_updated": "2020-05-11T09:40:17.000Z",
      "quote": {
        "USD": {
          "price": 0.329093809148,
          "volume_24h": 11904547.1852126,
          "percent_change_1h": 0.224966,
          "percent_change_24h": 1.01477,
          "percent_change_7d": -15.6568,
          "market_cap": 94241864.7202196,
          "last_updated": "2020-05-11T09:40:17.000Z"
        }
      }
    },
    {
      "id": 3812,
      "name": "Flexacoin",
      "symbol": "FXC",
      "slug": "flexacoin",
      "num_market_pairs": 14,
      "date_added": "2019-03-22T00:00:00.000Z",
      "tags": [],
      "max_supply": 100000000000,
      "circulating_supply": 27647916667,
      "total_supply": 27647916667,
      "platform": {
        "id": 1027,
        "name": "Ethereum",
        "symbol": "ETH",
        "slug": "ethereum",
        "token_address": "0x4a57e687b9126435a9b19e4a802113e266adebde"
      },
      "cmc_rank": 62,
      "last_updated": "2020-05-11T09:40:12.000Z",
      "quote": {
        "USD": {
          "price": 0.00325748283503,
          "volume_24h": 63670.8543349165,
          "percent_change_1h": -1.33172,
          "percent_change_24h": 2.53954,
          "percent_change_7d": 12.5617,
          "market_cap": 90062613.96709235,
          "last_updated": "2020-05-11T09:40:12.000Z"
        }
      }
    },
    {
      "id": 1776,
      "name": "MCO",
      "symbol": "MCO",
      "slug": "crypto-com",
      "num_market_pairs": 63,
      "date_added": "2017-07-03T00:00:00.000Z",
      "tags": [],
      "max_supply": null,
      "circulating_supply": 15793831.0949625,
      "total_supply": 31587682.3632061,
      "platform": {
        "id": 1027,
        "name": "Ethereum",
        "symbol": "ETH",
        "slug": "ethereum",
        "token_address": "0xb63b606ac810a52cca15e44bb630fd42d8d1d83d"
      },
      "cmc_rank": 63,
      "last_updated": "2020-05-11T09:40:03.000Z",
      "quote": {
        "USD": {
          "price": 5.31911678326,
          "volume_24h": 36205200.0751157,
          "percent_change_1h": 0.0949418,
          "percent_change_24h": 0.981995,
          "percent_change_7d": 3.92086,
          "market_cap": 84009232.0491887,
          "last_updated": "2020-05-11T09:40:03.000Z"
        }
      }
    },
    {
      "id": 3139,
      "name": "DxChain Token",
      "symbol": "DX",
      "slug": "dxchain-token",
      "num_market_pairs": 7,
      "date_added": "2018-08-10T00:00:00.000Z",
      "tags": [],
      "max_supply": null,
      "circulating_supply": 49999999999.6862,
      "total_supply": 100000000000,
      "platform": {
        "id": 1027,
        "name": "Ethereum",
        "symbol": "ETH",
        "slug": "ethereum",
        "token_address": "0x973e52691176d36453868D9d86572788d27041A9"
      },
      "cmc_rank": 64,
      "last_updated": "2020-05-11T09:40:09.000Z",
      "quote": {
        "USD": {
          "price": 0.00167840172114,
          "volume_24h": 256613.624993239,
          "percent_change_1h": 0.0878837,
          "percent_change_24h": -1.42808,
          "percent_change_7d": -3.3202,
          "market_cap": 83920086.05647333,
          "last_updated": "2020-05-11T09:40:09.000Z"
        }
      }
    },
    {
      "id": 3218,
      "name": "Energi",
      "symbol": "NRG",
      "slug": "energi",
      "num_market_pairs": 14,
      "date_added": "2018-08-23T00:00:00.000Z",
      "tags": [
        "mineable"
      ],
      "max_supply": null,
      "circulating_supply": 28844120.4136894,
      "total_supply": 28844120.4136894,
      "platform": null,
      "cmc_rank": 65,
      "last_updated": "2020-05-11T09:40:09.000Z",
      "quote": {
        "USD": {
          "price": 2.89513509002,
          "volume_24h": 1215025.54271644,
          "percent_change_1h": -1.58903,
          "percent_change_24h": -3.12328,
          "percent_change_7d": -3.37148,
          "market_cap": 83507625.15043439,
          "last_updated": "2020-05-11T09:40:09.000Z"
        }
      }
    },
    {
      "id": 213,
      "name": "MonaCoin",
      "symbol": "MONA",
      "slug": "monacoin",
      "num_market_pairs": 13,
      "date_added": "2014-03-20T00:00:00.000Z",
      "tags": [
        "mineable"
      ],
      "max_supply": null,
      "circulating_supply": 65729674.8711679,
      "total_supply": 65729674.8711679,
      "platform": null,
      "cmc_rank": 66,
      "last_updated": "2020-05-11T09:40:01.000Z",
      "quote": {
        "USD": {
          "price": 1.25963119087,
          "volume_24h": 2407502.03497471,
          "percent_change_1h": -0.817172,
          "percent_change_24h": -3.68622,
          "percent_change_7d": -6.19497,
          "market_cap": 82795148.63346714,
          "last_updated": "2020-05-11T09:40:01.000Z"
        }
      }
    },
    {
      "id": 2239,
      "name": "Aave",
      "symbol": "LEND",
      "slug": "aave",
      "num_market_pairs": 18,
      "date_added": "2017-11-30T00:00:00.000Z",
      "tags": [],
      "max_supply": null,
      "circulating_supply": 1299999941.70317,
      "total_supply": 1299999941.70317,
      "platform": {
        "id": 1027,
        "name": "Ethereum",
        "symbol": "ETH",
        "slug": "ethereum",
        "token_address": "0x80fb784b7ed66730e8b1dbd9820afd29931aab03"
      },
      "cmc_rank": 67,
      "last_updated": "2020-05-11T09:40:04.000Z",
      "quote": {
        "USD": {
          "price": 0.0627415469597,
          "volume_24h": 3243736.56788083,
          "percent_change_1h": -3.2966,
          "percent_change_24h": 8.03748,
          "percent_change_7d": 58.9602,
          "market_cap": 81564007.3899767,
          "last_updated": "2020-05-11T09:40:04.000Z"
        }
      }
    },
    {
      "id": 1567,
      "name": "Nano",
      "symbol": "NANO",
      "slug": "nano",
      "num_market_pairs": 51,
      "date_added": "2017-03-06T00:00:00.000Z",
      "tags": [],
      "max_supply": 133248297.197,
      "circulating_supply": 133248297.197,
      "total_supply": 133248297.197,
      "platform": null,
      "cmc_rank": 68,
      "last_updated": "2020-05-11T09:40:03.000Z",
      "quote": {
        "USD": {
          "price": 0.60234906665,
          "volume_24h": 3831008.20689707,
          "percent_change_1h": -1.25426,
          "percent_change_24h": -2.62932,
          "percent_change_7d": -3.90674,
          "market_cap": 80261987.44931476,
          "last_updated": "2020-05-11T09:40:03.000Z"
        }
      }
    },
    {
      "id": 1042,
      "name": "Siacoin",
      "symbol": "SC",
      "slug": "siacoin",
      "num_market_pairs": 40,
      "date_added": "2015-08-26T00:00:00.000Z",
      "tags": [
        "mineable"
      ],
      "max_supply": null,
      "circulating_supply": 41817047634,
      "total_supply": 41817047634,
      "platform": null,
      "cmc_rank": 69,
      "last_updated": "2020-05-11T09:40:02.000Z",
      "quote": {
        "USD": {
          "price": 0.00189051140324,
          "volume_24h": 1056476.24358693,
          "percent_change_1h": -0.869536,
          "percent_change_24h": -4.52224,
          "percent_change_7d": -5.41047,
          "market_cap": 79055605.40190727,
          "last_updated": "2020-05-11T09:40:02.000Z"
        }
      }
    },
    {
      "id": 2682,
      "name": "Holo",
      "symbol": "HOT",
      "slug": "holo",
      "num_market_pairs": 76,
      "date_added": "2018-04-29T00:00:00.000Z",
      "tags": [],
      "max_supply": null,
      "circulating_supply": 164091905583.237,
      "total_supply": 177619433541.141,
      "platform": {
        "id": 1027,
        "name": "Ethereum",
        "symbol": "ETH",
        "slug": "ethereum",
        "token_address": "0x6c6ee5e31d828de241282b9606c8e98ea48526e2"
      },
      "cmc_rank": 70,
      "last_updated": "2020-05-11T09:40:06.000Z",
      "quote": {
        "USD": {
          "price": 0.000478864065665,
          "volume_24h": 9278547.80937466,
          "percent_change_1h": -1.7605,
          "percent_change_24h": -2.24063,
          "percent_change_7d": -14.7823,
          "market_cap": 78577717.05030619,
          "last_updated": "2020-05-11T09:40:06.000Z"
        }
      }
    },
    {
      "id": 1732,
      "name": "Numeraire",
      "symbol": "NMR",
      "slug": "numeraire",
      "num_market_pairs": 10,
      "date_added": "2017-06-23T00:00:00.000Z",
      "tags": [],
      "max_supply": 11000000,
      "circulating_supply": 2428890.84218286,
      "total_supply": 10987470.162081,
      "platform": {
        "id": 1027,
        "name": "Ethereum",
        "symbol": "ETH",
        "slug": "ethereum",
        "token_address": "0x1776e1f26f98b1a5df9cd347953a26dd3cb46671"
      },
      "cmc_rank": 71,
      "last_updated": "2020-05-11T09:40:03.000Z",
      "quote": {
        "USD": {
          "price": 30.0887663659,
          "volume_24h": 1662871.62597837,
          "percent_change_1h": -0.644739,
          "percent_change_24h": -2.42946,
          "percent_change_7d": 44.3616,
          "market_cap": 73082329.07871416,
          "last_updated": "2020-05-11T09:40:03.000Z"
        }
      }
    },
    {
      "id": 1229,
      "name": "DigixDAO",
      "symbol": "DGD",
      "slug": "digixdao",
      "num_market_pairs": 20,
      "date_added": "2016-04-18T00:00:00.000Z",
      "tags": [],
      "max_supply": null,
      "circulating_supply": 2000000,
      "total_supply": 2000000,
      "platform": {
        "id": 1027,
        "name": "Ethereum",
        "symbol": "ETH",
        "slug": "ethereum",
        "token_address": "0xe0b7927c4af23765cb51314a0e0521a9645f0e2a"
      },
      "cmc_rank": 72,
      "last_updated": "2020-05-11T09:40:02.000Z",
      "quote": {
        "USD": {
          "price": 35.5679911504,
          "volume_24h": 7326533.31899414,
          "percent_change_1h": -0.618863,
          "percent_change_24h": -3.09285,
          "percent_change_7d": -8.62371,
          "market_cap": 71135982.3008,
          "last_updated": "2020-05-11T09:40:02.000Z"
        }
      }
    },
    {
      "id": 2469,
      "name": "Zilliqa",
      "symbol": "ZIL",
      "slug": "zilliqa",
      "num_market_pairs": 110,
      "date_added": "2018-01-25T00:00:00.000Z",
      "tags": [
        "mineable"
      ],
      "max_supply": 21000000000,
      "circulating_supply": 10118872333.723,
      "total_supply": 13410339486.723,
      "platform": null,
      "cmc_rank": 73,
      "last_updated": "2020-05-11T09:40:05.000Z",
      "quote": {
        "USD": {
          "price": 0.00696830961692,
          "volume_24h": 23131796.2630839,
          "percent_change_1h": -1.3082,
          "percent_change_24h": 8.55557,
          "percent_change_7d": -1.46016,
          "market_cap": 70511435.3954677,
          "last_updated": "2020-05-11T09:40:05.000Z"
        }
      }
    },
    {
      "id": 2087,
      "name": "KuCoin Shares",
      "symbol": "KCS",
      "slug": "kucoin-shares",
      "num_market_pairs": 15,
      "date_added": "2017-10-24T00:00:00.000Z",
      "tags": [],
      "max_supply": null,
      "circulating_supply": 81250284,
      "total_supply": 171250284,
      "platform": {
        "id": 1027,
        "name": "Ethereum",
        "symbol": "ETH",
        "slug": "ethereum",
        "token_address": "0x039b5649a59967e3e936d7471f9c3700100ee1ab"
      },
      "cmc_rank": 74,
      "last_updated": "2020-05-11T09:40:04.000Z",
      "quote": {
        "USD": {
          "price": 0.855923003118,
          "volume_24h": 6784865.31122825,
          "percent_change_1h": -0.593971,
          "percent_change_24h": -2.82793,
          "percent_change_7d": -7.13304,
          "market_cap": 69543987.08547038,
          "last_updated": "2020-05-11T09:40:04.000Z"
        }
      }
    },
    {
      "id": 4948,
      "name": "Nervos Network",
      "symbol": "CKB",
      "slug": "nervos-network",
      "num_market_pairs": 23,
      "date_added": "2019-11-19T00:00:00.000Z",
      "tags": [],
      "max_supply": null,
      "circulating_supply": 17216620985.7072,
      "total_supply": 27365988342.4388,
      "platform": null,
      "cmc_rank": 75,
      "last_updated": "2020-05-11T09:40:14.000Z",
      "quote": {
        "USD": {
          "price": 0.00392936195416,
          "volume_24h": 10110485.527448,
          "percent_change_1h": -0.233433,
          "percent_change_24h": -2.90963,
          "percent_change_7d": -6.93158,
          "market_cap": 67650335.48043051,
          "last_updated": "2020-05-11T09:40:14.000Z"
        }
      }
    },
    {
      "id": 1230,
      "name": "Steem",
      "symbol": "STEEM",
      "slug": "steem",
      "num_market_pairs": 32,
      "date_added": "2016-04-18T00:00:00.000Z",
      "tags": [],
      "max_supply": null,
      "circulating_supply": 370670267.641,
      "total_supply": 387644361.641,
      "platform": null,
      "cmc_rank": 76,
      "last_updated": "2020-05-11T09:40:02.000Z",
      "quote": {
        "USD": {
          "price": 0.163067846311,
          "volume_24h": 3721126.35552771,
          "percent_change_1h": -1.74834,
          "percent_change_24h": -3.72301,
          "percent_change_7d": -10.5813,
          "market_cap": 60444402.23573982,
          "last_updated": "2020-05-11T09:40:02.000Z"
        }
      }
    },
    {
      "id": 1521,
      "name": "Komodo",
      "symbol": "KMD",
      "slug": "komodo",
      "num_market_pairs": 29,
      "date_added": "2017-02-05T00:00:00.000Z",
      "tags": [
        "mineable"
      ],
      "max_supply": 200000000,
      "circulating_supply": 119759229.77096,
      "total_supply": 119759229.77096,
      "platform": null,
      "cmc_rank": 77,
      "last_updated": "2020-05-11T09:40:03.000Z",
      "quote": {
        "USD": {
          "price": 0.501997121292,
          "volume_24h": 3435983.47739238,
          "percent_change_1h": -0.772732,
          "percent_change_24h": -4.43172,
          "percent_change_7d": -5.53901,
          "market_cap": 60118788.59316911,
          "last_updated": "2020-05-11T09:40:03.000Z"
        }
      }
    },
    {
      "id": 1866,
      "name": "Bytom",
      "symbol": "BTM",
      "slug": "bytom",
      "num_market_pairs": 56,
      "date_added": "2017-08-08T00:00:00.000Z",
      "tags": [
        "mineable"
      ],
      "max_supply": null,
      "circulating_supply": 1002499275,
      "total_supply": 1407000000,
      "platform": null,
      "cmc_rank": 78,
      "last_updated": "2020-05-11T09:40:03.000Z",
      "quote": {
        "USD": {
          "price": 0.0592661336207,
          "volume_24h": 9045303.14812826,
          "percent_change_1h": -0.680058,
          "percent_change_24h": -4.58461,
          "percent_change_7d": -11.6387,
          "market_cap": 59414255.98680487,
          "last_updated": "2020-05-11T09:40:03.000Z"
        }
      }
    },
    {
      "id": 2539,
      "name": "Ren",
      "symbol": "REN",
      "slug": "ren",
      "num_market_pairs": 18,
      "date_added": "2018-02-21T00:00:00.000Z",
      "tags": [],
      "max_supply": null,
      "circulating_supply": 852453284.124669,
      "total_supply": 999999632.80375,
      "platform": {
        "id": 1027,
        "name": "Ethereum",
        "symbol": "ETH",
        "slug": "ethereum",
        "token_address": "0x408e41876cccdc0f92210600ef50372656052a38"
      },
      "cmc_rank": 79,
      "last_updated": "2020-05-11T09:40:06.000Z",
      "quote": {
        "USD": {
          "price": 0.0679557846474,
          "volume_24h": 3998636.51704924,
          "percent_change_1h": -1.83523,
          "percent_change_24h": -6.93432,
          "percent_change_7d": 8.64415,
          "market_cap": 57929131.79794489,
          "last_updated": "2020-05-11T09:40:06.000Z"
        }
      }
    },
    {
      "id": 2694,
      "name": "Nexo",
      "symbol": "NEXO",
      "slug": "nexo",
      "num_market_pairs": 26,
      "date_added": "2018-05-01T00:00:00.000Z",
      "tags": [],
      "max_supply": null,
      "circulating_supply": 560000011,
      "total_supply": 1000000000,
      "platform": {
        "id": 1027,
        "name": "Ethereum",
        "symbol": "ETH",
        "slug": "ethereum",
        "token_address": "0xb62132e35a6c13ee1ee0f84dc5d40bad8d815206"
      },
      "cmc_rank": 80,
      "last_updated": "2020-05-11T09:40:06.000Z",
      "quote": {
        "USD": {
          "price": 0.0975001496695,
          "volume_24h": 15312240.9822252,
          "percent_change_1h": 1.95667,
          "percent_change_24h": -0.161983,
          "percent_change_7d": -9.94798,
          "market_cap": 54600084.88742165,
          "last_updated": "2020-05-11T09:40:06.000Z"
        }
      }
    },
    {
      "id": 2447,
      "name": "Crypterium",
      "symbol": "CRPT",
      "slug": "crpt",
      "num_market_pairs": 9,
      "date_added": "2018-01-22T00:00:00.000Z",
      "tags": [],
      "max_supply": null,
      "circulating_supply": 99569555.3718727,
      "total_supply": 99569555.3718727,
      "platform": {
        "id": 1027,
        "name": "Ethereum",
        "symbol": "ETH",
        "slug": "ethereum",
        "token_address": "0x80a7e048f37a50500351c204cb407766fa3bae7f"
      },
      "cmc_rank": 81,
      "last_updated": "2020-05-11T09:40:05.000Z",
      "quote": {
        "USD": {
          "price": 0.54088258216,
          "volume_24h": 1095930.31273122,
          "percent_change_1h": -2.24131,
          "percent_change_24h": 17.7187,
          "percent_change_7d": 128.456,
          "market_cap": 53855438.214061595,
          "last_updated": "2020-05-11T09:40:05.000Z"
        }
      }
    },
    {
      "id": 3718,
      "name": "BitTorrent",
      "symbol": "BTT",
      "slug": "bittorrent",
      "num_market_pairs": 134,
      "date_added": "2019-01-31T00:00:00.000Z",
      "tags": [],
      "max_supply": null,
      "circulating_supply": 212116500000,
      "total_supply": 990000000000,
      "platform": {
        "id": 1958,
        "name": "TRON",
        "symbol": "TRX",
        "slug": "tron",
        "token_address": "1002000"
      },
      "cmc_rank": 82,
      "last_updated": "2020-05-11T09:40:12.000Z",
      "quote": {
        "USD": {
          "price": 0.000253782736428,
          "volume_24h": 68432519.5758846,
          "percent_change_1h": -0.699535,
          "percent_change_24h": -2.54197,
          "percent_change_7d": -13.3871,
          "market_cap": 53831505.81152986,
          "last_updated": "2020-05-11T09:40:12.000Z"
        }
      }
    },
    {
      "id": 2830,
      "name": "Seele-N",
      "symbol": "SEELE",
      "slug": "seele",
      "num_market_pairs": 18,
      "date_added": "2018-05-31T00:00:00.000Z",
      "tags": [],
      "max_supply": null,
      "circulating_supply": 699592066.289478,
      "total_supply": 1000000000,
      "platform": {
        "id": 1027,
        "name": "Ethereum",
        "symbol": "ETH",
        "slug": "ethereum",
        "token_address": "0xb1eef147028e9f480dbc5ccaa3277d417d1b85f0"
      },
      "cmc_rank": 83,
      "last_updated": "2020-05-11T09:40:07.000Z",
      "quote": {
        "USD": {
          "price": 0.0736846522949,
          "volume_24h": 10362623.9389752,
          "percent_change_1h": -0.89123,
          "percent_change_24h": -1.29144,
          "percent_change_7d": -7.04577,
          "market_cap": 51549198.15281081,
          "last_updated": "2020-05-11T09:40:07.000Z"
        }
      }
    },
    {
      "id": 693,
      "name": "Verge",
      "symbol": "XVG",
      "slug": "verge",
      "num_market_pairs": 51,
      "date_added": "2014-10-25T00:00:00.000Z",
      "tags": [
        "mineable"
      ],
      "max_supply": 16555000000,
      "circulating_supply": 16263235943.3634,
      "total_supply": 16263235943.3634,
      "platform": null,
      "cmc_rank": 84,
      "last_updated": "2020-05-11T09:40:02.000Z",
      "quote": {
        "USD": {
          "price": 0.00316250389609,
          "volume_24h": 1381857.85582072,
          "percent_change_1h": -0.651681,
          "percent_change_24h": -2.45002,
          "percent_change_7d": 1.80373,
          "market_cap": 51432547.03391768,
          "last_updated": "2020-05-11T09:40:02.000Z"
        }
      }
    },
    {
      "id": 4172,
      "name": "Terra",
      "symbol": "LUNA",
      "slug": "terra-luna",
      "num_market_pairs": 13,
      "date_added": "2019-07-26T00:00:00.000Z",
      "tags": [],
      "max_supply": null,
      "circulating_supply": 287765804.430561,
      "total_supply": 995859074.224591,
      "platform": null,
      "cmc_rank": 85,
      "last_updated": "2020-05-11T09:40:13.000Z",
      "quote": {
        "USD": {
          "price": 0.177621373034,
          "volume_24h": 2170518.58814588,
          "percent_change_1h": -0.0464984,
          "percent_change_24h": -0.619469,
          "percent_change_7d": -6.93814,
          "market_cap": 51113357.29518977,
          "last_updated": "2020-05-11T09:40:13.000Z"
        }
      }
    },
    {
      "id": 3890,
      "name": "Matic Network",
      "symbol": "MATIC",
      "slug": "matic-network",
      "num_market_pairs": 54,
      "date_added": "2019-04-28T00:00:00.000Z",
      "tags": [],
      "max_supply": null,
      "circulating_supply": 3433504398,
      "total_supply": 10000000000,
      "platform": {
        "id": 1027,
        "name": "Ethereum",
        "symbol": "ETH",
        "slug": "ethereum",
        "token_address": "0x7D1AfA7B718fb893dB30A3aBc0Cfc608AaCfeBB0"
      },
      "cmc_rank": 86,
      "last_updated": "2020-05-11T09:40:12.000Z",
      "quote": {
        "USD": {
          "price": 0.0148011117646,
          "volume_24h": 25166877.9304665,
          "percent_change_1h": -1.53876,
          "percent_change_24h": -4.50824,
          "percent_change_7d": -10.8426,
          "market_cap": 50819682.33904364,
          "last_updated": "2020-05-11T09:40:12.000Z"
        }
      }
    },
    {
      "id": 3155,
      "name": "Quant",
      "symbol": "QNT",
      "slug": "quant",
      "num_market_pairs": 18,
      "date_added": "2018-08-10T00:00:00.000Z",
      "tags": [],
      "max_supply": null,
      "circulating_supply": 12072738,
      "total_supply": 14612493.0808262,
      "platform": {
        "id": 1027,
        "name": "Ethereum",
        "symbol": "ETH",
        "slug": "ethereum",
        "token_address": "0x4a220e6096b25eadb88358cb44068a3248254675"
      },
      "cmc_rank": 87,
      "last_updated": "2020-05-11T09:40:09.000Z",
      "quote": {
        "USD": {
          "price": 4.20674449522,
          "volume_24h": 4063432.66719554,
          "percent_change_1h": -1.25142,
          "percent_change_24h": -5.59399,
          "percent_change_7d": -13.848,
          "market_cap": 50786924.12373331,
          "last_updated": "2020-05-11T09:40:09.000Z"
        }
      }
    },
    {
      "id": 2143,
      "name": "Streamr",
      "symbol": "DATA",
      "slug": "streamr",
      "num_market_pairs": 22,
      "date_added": "2017-11-03T00:00:00.000Z",
      "tags": [],
      "max_supply": null,
      "circulating_supply": 677154514,
      "total_supply": 987154514,
      "platform": {
        "id": 1027,
        "name": "Ethereum",
        "symbol": "ETH",
        "slug": "ethereum",
        "token_address": "0x0cf0ee63788a0849fe5297f3407f701e122cc023"
      },
      "cmc_rank": 88,
      "last_updated": "2020-05-11T09:40:04.000Z",
      "quote": {
        "USD": {
          "price": 0.0739363701561,
          "volume_24h": 3411943.01490361,
          "percent_change_1h": 1.12198,
          "percent_change_24h": -0.0943742,
          "percent_change_7d": 13.4557,
          "market_cap": 50066346.799977995,
          "last_updated": "2020-05-11T09:40:04.000Z"
        }
      }
    },
    {
      "id": 463,
      "name": "BitShares",
      "symbol": "BTS",
      "slug": "bitshares",
      "num_market_pairs": 58,
      "date_added": "2014-07-21T00:00:00.000Z",
      "tags": [],
      "max_supply": 3600570502,
      "circulating_supply": 2747270000,
      "total_supply": 2747270000,
      "platform": null,
      "cmc_rank": 89,
      "last_updated": "2020-05-11T09:40:02.000Z",
      "quote": {
        "USD": {
          "price": 0.0181004920794,
          "volume_24h": 9047333.67296286,
          "percent_change_1h": -1.15571,
          "percent_change_24h": -2.51002,
          "percent_change_7d": -7.60693,
          "market_cap": 49726938.87497324,
          "last_updated": "2020-05-11T09:40:02.000Z"
        }
      }
    },
    {
      "id": 372,
      "name": "Bytecoin",
      "symbol": "BCN",
      "slug": "bytecoin-bcn",
      "num_market_pairs": 16,
      "date_added": "2014-06-17T00:00:00.000Z",
      "tags": [
        "mineable"
      ],
      "max_supply": 184470000000,
      "circulating_supply": 184066828814.059,
      "total_supply": 184066828814.059,
      "platform": null,
      "cmc_rank": 90,
      "last_updated": "2020-05-11T09:40:02.000Z",
      "quote": {
        "USD": {
          "price": 0.000262407055046,
          "volume_24h": 53504.3201881445,
          "percent_change_1h": -0.137447,
          "percent_change_24h": -6.28361,
          "percent_change_7d": -1.48344,
          "market_cap": 48300434.480753444,
          "last_updated": "2020-05-11T09:40:02.000Z"
        }
      }
    },
    {
      "id": 118,
      "name": "ReddCoin",
      "symbol": "RDD",
      "slug": "reddcoin",
      "num_market_pairs": 14,
      "date_added": "2014-02-10T00:00:00.000Z",
      "tags": [],
      "max_supply": null,
      "circulating_supply": 28808713173.7887,
      "total_supply": 28808713173.7887,
      "platform": null,
      "cmc_rank": 91,
      "last_updated": "2020-05-11T09:40:01.000Z",
      "quote": {
        "USD": {
          "price": 0.00161673931426,
          "volume_24h": 562814.985364677,
          "percent_change_1h": -1.52892,
          "percent_change_24h": 15.626,
          "percent_change_7d": 56.6253,
          "market_cap": 46576179.18130417,
          "last_updated": "2020-05-11T09:40:01.000Z"
        }
      }
    },
    {
      "id": 4281,
      "name": "BHEX Token",
      "symbol": "BHT",
      "slug": "bhex-token",
      "num_market_pairs": 8,
      "date_added": "2019-08-25T00:00:00.000Z",
      "tags": [],
      "max_supply": null,
      "circulating_supply": 284347544.111632,
      "total_supply": 1446399044.11163,
      "platform": {
        "id": 1027,
        "name": "Ethereum",
        "symbol": "ETH",
        "slug": "ethereum",
        "token_address": "0xfc29b6e626b67776675fff55d5bc0452d042f434"
      },
      "cmc_rank": 92,
      "last_updated": "2020-05-11T09:40:13.000Z",
      "quote": {
        "USD": {
          "price": 0.160512549752,
          "volume_24h": 4194557.09639516,
          "percent_change_1h": 0.780065,
          "percent_change_24h": 12.3702,
          "percent_change_7d": 38.5062,
          "market_cap": 45641349.32107734,
          "last_updated": "2020-05-11T09:40:13.000Z"
        }
      }
    },
    {
      "id": 1966,
      "name": "Decentraland",
      "symbol": "MANA",
      "slug": "decentraland",
      "num_market_pairs": 78,
      "date_added": "2017-09-17T00:00:00.000Z",
      "tags": [],
      "max_supply": null,
      "circulating_supply": 1370162955.67155,
      "total_supply": 2197907565.03415,
      "platform": {
        "id": 1027,
        "name": "Ethereum",
        "symbol": "ETH",
        "slug": "ethereum",
        "token_address": "0x0f5d2fb29fb7d3cfee444a200298f468908cc942"
      },
      "cmc_rank": 93,
      "last_updated": "2020-05-11T09:40:04.000Z",
      "quote": {
        "USD": {
          "price": 0.033235005459,
          "volume_24h": 18599269.3424844,
          "percent_change_1h": -1.99723,
          "percent_change_24h": -2.53633,
          "percent_change_7d": -0.935649,
          "market_cap": 45537373.31146354,
          "last_updated": "2020-05-11T09:40:04.000Z"
        }
      }
    },
    {
      "id": 1698,
      "name": "Horizen",
      "symbol": "ZEN",
      "slug": "horizen",
      "num_market_pairs": 42,
      "date_added": "2017-06-01T00:00:00.000Z",
      "tags": [
        "mineable"
      ],
      "max_supply": 21000000,
      "circulating_supply": 9040487.5,
      "total_supply": 9040487.5,
      "platform": null,
      "cmc_rank": 94,
      "last_updated": "2020-05-11T09:40:03.000Z",
      "quote": {
        "USD": {
          "price": 5.02529642087,
          "volume_24h": 4047514.10062557,
          "percent_change_1h": -0.852402,
          "percent_change_24h": -1.30124,
          "percent_change_7d": -10.763,
          "market_cap": 45431129.476669975,
          "last_updated": "2020-05-11T09:40:03.000Z"
        }
      }
    },
    {
      "id": 291,
      "name": "MaidSafeCoin",
      "symbol": "MAID",
      "slug": "maidsafecoin",
      "num_market_pairs": 4,
      "date_added": "2014-04-28T00:00:00.000Z",
      "tags": [],
      "max_supply": null,
      "circulating_supply": 452552412,
      "total_supply": 452552412,
      "platform": {
        "id": 83,
        "name": "Omni",
        "symbol": "OMNI",
        "slug": "omni",
        "token_address": "3"
      },
      "cmc_rank": 95,
      "last_updated": "2020-05-11T09:40:01.000Z",
      "quote": {
        "USD": {
          "price": 0.099263840136,
          "volume_24h": 245156.930243849,
          "percent_change_1h": -1.76343,
          "percent_change_24h": 1.6343,
          "percent_change_7d": 0.391475,
          "market_cap": 44922090.27792921,
          "last_updated": "2020-05-11T09:40:01.000Z"
        }
      }
    },
    {
      "id": 2096,
      "name": "Ripio Credit Network",
      "symbol": "RCN",
      "slug": "ripio-credit-network",
      "num_market_pairs": 21,
      "date_added": "2017-10-26T00:00:00.000Z",
      "tags": [],
      "max_supply": null,
      "circulating_supply": 507847856.76109,
      "total_supply": 999942647.35309,
      "platform": {
        "id": 1027,
        "name": "Ethereum",
        "symbol": "ETH",
        "slug": "ethereum",
        "token_address": "0xf970b8e36e23f7fc3fd752eea86f8be8d83375a6"
      },
      "cmc_rank": 96,
      "last_updated": "2020-05-11T09:40:05.000Z",
      "quote": {
        "USD": {
          "price": 0.0875848309816,
          "volume_24h": 927354.598073532,
          "percent_change_1h": -0.275585,
          "percent_change_24h": 8.99399,
          "percent_change_7d": 27.923,
          "market_cap": 44479768.698787875,
          "last_updated": "2020-05-11T09:40:05.000Z"
        }
      }
    },
    {
      "id": 3704,
      "name": "v.systems",
      "symbol": "VSYS",
      "slug": "v-systems",
      "num_market_pairs": 37,
      "date_added": "2019-03-05T00:00:00.000Z",
      "tags": [],
      "max_supply": null,
      "circulating_supply": 1990163847,
      "total_supply": 3905022311,
      "platform": null,
      "cmc_rank": 97,
      "last_updated": "2020-05-11T09:40:12.000Z",
      "quote": {
        "USD": {
          "price": 0.0222268534452,
          "volume_24h": 2125783.37620175,
          "percent_change_1h": -0.110864,
          "percent_change_24h": -6.03585,
          "percent_change_7d": -10.9664,
          "market_cap": 44235080.15920444,
          "last_updated": "2020-05-11T09:40:12.000Z"
        }
      }
    },
    {
      "id": 4705,
      "name": "PAX Gold",
      "symbol": "PAXG",
      "slug": "pax-gold",
      "num_market_pairs": 12,
      "date_added": "2019-09-26T00:00:00.000Z",
      "tags": [],
      "max_supply": null,
      "circulating_supply": 25497.096,
      "total_supply": 25497.096,
      "platform": {
        "id": 1027,
        "name": "Ethereum",
        "symbol": "ETH",
        "slug": "ethereum",
        "token_address": "0x45804880de22913dafe09f4980848ece6ecbaf78"
      },
      "cmc_rank": 98,
      "last_updated": "2020-05-11T09:40:14.000Z",
      "quote": {
        "USD": {
          "price": 1702.84678288,
          "volume_24h": 322011.815561313,
          "percent_change_1h": -0.15694,
          "percent_change_24h": 0.751069,
          "percent_change_7d": -0.579456,
          "market_cap": 43417647.89638252,
          "last_updated": "2020-05-11T09:40:14.000Z"
        }
      }
    },
    {
      "id": 1903,
      "name": "HyperCash",
      "symbol": "HC",
      "slug": "hypercash",
      "num_market_pairs": 32,
      "date_added": "2017-08-20T00:00:00.000Z",
      "tags": [
        "mineable"
      ],
      "max_supply": 84000000,
      "circulating_supply": 44607439.185052,
      "total_supply": 44607439.185052,
      "platform": null,
      "cmc_rank": 99,
      "last_updated": "2020-05-11T09:40:03.000Z",
      "quote": {
        "USD": {
          "price": 0.972285506463,
          "volume_24h": 12588524.9918218,
          "percent_change_1h": -0.884683,
          "percent_change_24h": -4.52485,
          "percent_change_7d": -11.458,
          "market_cap": 43371166.60005576,
          "last_updated": "2020-05-11T09:40:03.000Z"
        }
      }
    },
    {
      "id": 1923,
      "name": "Tierion",
      "symbol": "TNT",
      "slug": "tierion",
      "num_market_pairs": 16,
      "date_added": "2017-08-27T00:00:00.000Z",
      "tags": [],
      "max_supply": null,
      "circulating_supply": 428481269.49942,
      "total_supply": 1000000000,
      "platform": {
        "id": 1027,
        "name": "Ethereum",
        "symbol": "ETH",
        "slug": "ethereum",
        "token_address": "0x08f5a9235b08173b7569f83645d2c7fb55e8ccd8"
      },
      "cmc_rank": 100,
      "last_updated": "2020-05-11T09:40:03.000Z",
      "quote": {
        "USD": {
          "price": 0.0960159884842,
          "volume_24h": 4594014.68180529,
          "percent_change_1h": 1.08181,
          "percent_change_24h": 7.98386,
          "percent_change_7d": 90.5654,
          "market_cap": 41141052.6379517,
          "last_updated": "2020-05-11T09:40:03.000Z"
        }
      }
    }
  ]
}